{"cameraMode":{"drawMode":0,"name":"Shaded","section":"Shading Mode"},"sceneLighting":true,"audioPlay":false,"sceneViewState":{"showFog":true,"showMaterialUpdate":false,"showSkybox":true,"showFlares":true,"showImageEffects":true,"showParticleSystems":true},"in2DMode":false,"pivot":{"x":-12.69671630859375,"y":37.777130126953128,"z":-58.40032196044922},"rotation":{"x":0.0008556980174034834,"y":-0.8733000159263611,"z":0.48742809891700747,"w":0.002160396659746766},"size":10.949560165405274,"orthographic":false}