{"cameraMode":{"drawMode":0,"name":"Shaded","section":"Shading Mode"},"sceneLighting":true,"audioPlay":false,"sceneViewState":{"showFog":true,"showMaterialUpdate":false,"showSkybox":false,"showFlares":true,"showImageEffects":true,"showParticleSystems":true},"in2DMode":false,"pivot":{"x":-7.631999969482422,"y":1.04598069190979,"z":-16.979265213012697},"rotation":{"x":0.042427197098731998,"y":-0.8416799306869507,"z":0.06680011749267578,"w":0.5341758728027344},"size":40.010372161865237,"orthographic":false}