{"cameraMode":{"drawMode":0,"name":"Shaded","section":"Shading Mode"},"sceneLighting":false,"audioPlay":false,"sceneViewState":{"showFog":true,"showMaterialUpdate":false,"showSkybox":false,"showFlares":true,"showImageEffects":true,"showParticleSystems":true},"in2DMode":false,"pivot":{"x":-16.37000274658203,"y":-0.017000198364257814,"z":-14.680000305175782},"rotation":{"x":0.027913443744182588,"y":-0.9570826292037964,"z":0.1047460064291954,"w":0.2697904407978058},"size":34.64101791381836,"orthographic":false}