{"cameraMode":{"drawMode":0,"name":"Shaded","section":"Shading Mode"},"sceneLighting":false,"audioPlay":false,"sceneViewState":{"showFog":true,"showMaterialUpdate":false,"showSkybox":false,"showFlares":true,"showImageEffects":true,"showParticleSystems":true},"in2DMode":false,"pivot":{"x":-17.01799964904785,"y":1.6349999904632569,"z":-7.672999858856201},"rotation":{"x":0.10268593579530716,"y":-0.7618158459663391,"z":0.12708918750286103,"w":0.6272742748260498},"size":0.6041523218154907,"orthographic":false}